{"cameraMode":{"drawMode":0,"name":"Shaded","section":"Shading Mode"},"sceneLighting":true,"audioPlay":false,"sceneViewState":{"showFog":true,"showMaterialUpdate":false,"showSkybox":true,"showFlares":true,"showImageEffects":true,"showParticleSystems":true},"in2DMode":false,"pivot":{"x":1.7949762344360352,"y":0.5274338722229004,"z":-0.21371114253997804},"rotation":{"x":0.2564867436885834,"y":0.5174320936203003,"z":-0.1660342514514923,"w":0.7993274331092835},"size":5.105576992034912,"orthographic":false}