{"cameraMode":{"drawMode":0,"name":"Shaded","section":"Shading Mode"},"sceneLighting":true,"audioPlay":false,"sceneViewState":{"showFog":true,"showMaterialUpdate":false,"showSkybox":true,"showFlares":true,"showImageEffects":true,"showParticleSystems":true},"in2DMode":false,"pivot":{"x":432.71099853515627,"y":1024.4580078125,"z":-27.579999923706056},"rotation":{"x":0.4436573386192322,"y":-0.026878993958234788,"z":0.013313744217157364,"w":0.8956950902938843},"size":4.0585856437683109,"orthographic":false}